company_name,business_type,industry,company_summary,confidence_score,data_source,original_url,normalised_url,resolved_url,scrape_status,error_notes
N2O,Agency,Marketing & Lead Gen,N2O helps businesses enhance their marketing strategies through innovative solutions.,Medium,scraped,n2o.com,https://n2o.com,https://n2o.com,success,
Results Driven REI,Coaching / Consulting,Real Estate,Results Driven REI helps real estate investors succeed through expert coaching and resources.,Low,scraped,Www.resultsdrivenrei.com,https://www.resultsdrivenrei.com,http://www.resultsdrivenrei.com,success,
The LC Biology Guy,Education / Course,Education,The LC Biology Guy helps students excel in Biology through tailored online grinds and quality study notes.,High,scraped,thelcbiologyguy.ie,https://thelcbiologyguy.ie,https://thelcbiologyguy.ie,success,
Clens Cleaning,Local / Trade Services,Home Services,Clens Cleaning helps busy San Diego families love their homes again through professional cleaning services.,High,scraped,www.clensclean.com,https://www.clensclean.com,https://www.clensclean.com,success,
Kettlebell Transformation,Coaching / Consulting,Fitness,Kettlebell Transformation helps busy men master nutrition and strength through kettlebell coaching.,High,scraped,kettlebelltransformation.co,https://kettlebelltransformation.co,https://kettlebelltransformation.co,success,
Dr Shaunna,Coaching / Consulting,Health & Wellness,Dr Shaunna helps health coaches achieve six-figure incomes through specialized coaching programs.,High,scraped,https://drshaunna.com,https://drshaunna.com,https://drshaunna.com,success,
On Point Chiropractic,Local / Trade Services,Health & Wellness,On Point Chiropractic helps individuals achieve long-lasting pain relief through personalized chiropractic care.,High,scraped,Onpointchiro.com,https://onpointchiro.com,https://onpointchiro.com,success,
Augusta Lawn Care Services,Local / Trade Services,Home Services,Augusta Lawn Care Services helps homeowners maintain their lawns and landscapes through professional care and maintenance.,High,scraped,https://www.augustalawncareservices.com/gretna,https://www.augustalawncareservices.com/gretna,https://www.augustalawncareservices.com/gretna,success,
Lead Mining Pros,Agency,Marketing & Lead Gen,Lead Mining Pros helps real estate professionals generate leads through cold calling and text messaging services.,High,scraped,Leadminingpros.com,https://leadminingpros.com,https://leadminingpros.com,success,
Holland Creatives,Agency,Marketing & Lead Gen,Holland Creatives helps clients capture their best moments through professional photography services.,High,scraped,byhollandcreatives.com,https://byhollandcreatives.com,https://byhollandcreatives.com,success,
Profitable Coach,Coaching / Consulting,Education,Profitable Coach helps online coaches and consultants land high-paying clients through proven systems.,High,scraped,https://connect.profitablecoach.net/home,https://connect.profitablecoach.net/home,https://connect.profitablecoach.net/home,success,
Andalus Institute,Education / Course,Education,Andalus Institute helps students understand the Qur'an through structured Arabic language programs.,High,scraped,andalusinstitute.com,https://andalusinstitute.com,http://andalusinstitute.com,success,
ZVOLT,Local / Trade Services,Home Services,ZVOLT helps homeowners and businesses maintain power through standby generator installation and repair services.,High,scraped,Getzvolt.com,https://getzvolt.com,https://getzvolt.com,success,
Vania Natural Wellness,Coaching / Consulting,Health & Wellness,Vania Natural Wellness helps individuals achieve a more defined body through personalized body assessments and plans.,High,scraped,https://vlanto.com/cuerpo-oferta-consulta,https://vlanto.com/cuerpo-oferta-consulta,https://vlanto.com/cuerpo-oferta-consulta,success,
Brooklyn Pasta Lab,E-commerce,Food & Hospitality,"Brooklyn Pasta Lab helps NYC chefs elevate their dishes through high-quality, fresh pasta delivered with care.",High,scraped,www.brooklynpastalab.com,https://www.brooklynpastalab.com,https://www.brooklynpastalab.com,success,
Wemple Leads,Local / Trade Services,Home Services,Wemple Leads helps homeowners connect with local handymen through targeted marketing strategies.,High,scraped,www.wempleleads.com,https://www.wempleleads.com,https://www.wempleleads.com,success,
Wedding Pro CEO,Coaching / Consulting,Education,Wedding Pro CEO helps wedding industry professionals grow their businesses through expert coaching and education.,High,scraped,weddingproceo.com,https://weddingproceo.com,https://weddingproceo.com,success,
Wealthy Expat,Coaching / Consulting,Finance & Wealth,Wealthy Expat helps individuals secure their future through citizenship and residency by investment programs.,High,scraped,wealthyexpat.com,https://wealthyexpat.com,https://wealthyexpat.com,success,
Mark Fuller,SaaS / Software,Technology,Mark Fuller helps developers optimize software performance through innovative engineering solutions.,Medium,scraped,markfuller.dev,https://markfuller.dev,https://markfuller.dev,success,
Marc Aurel Consulting,Coaching / Consulting,Health & Wellness,Marc Aurel Consulting helps entrepreneurs overcome stress and achieve clarity through psychological support and systematic approaches.,High,scraped,www.marcaurelconsulting.com,https://www.marcaurelconsulting.com,https://www.marcaurelconsulting.com,success,
Lenergy,Local / Trade Services,Home Services,Lenergy helps homeowners reduce electricity bills and achieve energy independence through solar solutions.,High,scraped,www.lenergy.com.au,https://www.lenergy.com.au,https://www.lenergy.com.au,success,
LLD Gifts,E-commerce,E-commerce / Retail,LLD Gifts helps customers find meaningful gifts through personalized blankets and home décor.,High,scraped,www.lldgifts.com,https://www.lldgifts.com,https://www.lldgifts.com,success,
SuperDataScience,Education / Course,Education,SuperDataScience helps aspiring AI professionals build job-ready skills through real-world projects and mentorship.,High,scraped,www.superdatascience.com,https://www.superdatascience.com,https://www.superdatascience.com,success,
Traffic Radius,Agency,Marketing & Lead Gen,Traffic Radius helps businesses improve online visibility through digital marketing strategies.,High,scraped,Www.trafficradius.com.au,https://www.trafficradius.com.au,https://www.trafficradius.com.au,success,
Novera Headache Center,Local / Trade Services,Health & Wellness,Novera Headache Center helps patients reduce chronic pain through specialized physical therapy for headaches and migraines.,High,scraped,www.noveraheadachecenter.com,https://www.noveraheadachecenter.com,https://www.noveraheadachecenter.com,success,
Keywave Digital,Coaching / Consulting,Marketing & Lead Gen,"Keywave Digital helps Medicare agents, attorneys, and financial advisors acquire qualified prospects through done-for-you seminar marketing.",High,scraped,keywavedigital.com,https://keywavedigital.com,https://keywavedigital.com,success,
Cannon & Associates,Professional Services,Legal,Cannon & Associates helps clients navigate legal challenges through expert representation in criminal defense and family law.,High,scraped,http://jpcannonlawfirm.com,https://jpcannonlawfirm.com,https://jpcannonlawfirm.com,success,
Mule Extracts,E-commerce,E-commerce / Retail,Mule Extracts helps cannabis consumers enhance their experience through innovative cannabinoid products.,High,scraped,mulethc.com,https://mulethc.com,https://mulethc.com,success,
Tradie Outreach,Local / Trade Services,Home Services,Tradie Outreach helps trade business owners schedule appointments with homeowners through a marketing system.,High,scraped,tradieoutreach.com.au,https://tradieoutreach.com.au,https://tradieoutreach.com.au,success,
CreatorHero,SaaS / Software,Marketing & Lead Gen,CreatorHero helps creators increase revenue through automated chatting and marketing tools.,High,scraped,Creatorhero.com,https://creatorhero.com,https://creatorhero.com,success,
Adstra,SaaS / Software,Marketing & Lead Gen,Adstra helps businesses enhance their marketing strategies through data-driven insights.,Medium,scraped,goadstra.co,https://goadstra.co,https://goadstra.co,success,
Globaltize,SaaS / Software,Business Operations,"Globaltize helps companies recruit, hire, and pay remote employees through a comprehensive platform.",High,scraped,https://globaltize.com/,https://globaltize.com,https://globaltize.com,success,
Mariah Peace,Coaching / Consulting,Education,Mariah Peace helps moms learn bookkeeping and build flexible work-from-home businesses through step-by-step training.,High,scraped,mariahpeace.com,https://mariahpeace.com,https://mariahpeace.com,success,
Parlance Labs,Coaching / Consulting,Technology,Parlance Labs helps companies improve their AI capabilities through practical consulting and evaluation systems.,High,scraped,https://parlance-labs.com,https://parlance-labs.com,https://parlance-labs.com,success,
Assure UK,Professional Services,Finance & Wealth,Assure UK helps pension schemes achieve compliance through expert audit and assurance services.,High,scraped,Assureuk.co.uk,https://assureuk.co.uk,https://assureuk.co.uk,success,
Elody,E-commerce,E-commerce / Retail,Elody helps couples find the perfect wedding and engagement rings through personalized consultations in their showrooms.,High,scraped,elodyprsteny.cz,https://elodyprsteny.cz,https://elodyprsteny.cz,success,
Arise Functional Health,Professional Services,Health & Wellness,"Arise Functional Health helps families navigate health challenges through personalized, non-invasive care plans.",High,scraped,Arisefh.com,https://arisefh.com,https://arisefh.com,success,
Don's Tree Service,Local / Trade Services,Home Services,Don's Tree Service helps homeowners maintain healthy trees through expert tree care services.,High,scraped,Www.donstree.com,https://www.donstree.com,https://www.donstree.com,success,
SwimTech Albury,Education / Course,Fitness,SwimTech Albury helps children learn to swim safely through structured swimming lessons.,High,scraped,Www.swimtechalbury.com,https://www.swimtechalbury.com,https://www.swimtechalbury.com,success,
Unlock The ROI,Coaching / Consulting,Business Operations,Unlock The ROI helps entrepreneurs achieve predictable revenue through tailored sales systems.,High,scraped,www.unlocktheroi.com,https://www.unlocktheroi.com,https://www.unlocktheroi.com,success,
CommunityLaunch,Coaching / Consulting,Education,CommunityLaunch helps entrepreneurs build profitable communities through live training and proven frameworks.,High,scraped,CommunityLaunch.com,https://communitylaunch.com,https://communitylaunch.com,success,
tdy.co,E-commerce,E-commerce / Retail,tdy.co helps entrepreneurs acquire premium domain names through secure transactions.,Medium,scraped,tdy.co,https://tdy.co,https://tdy.co,success,
Cloud Athens,E-commerce,E-commerce / Retail,Cloud Athens helps nightlife enthusiasts enjoy premier experiences through a vibrant venue.,Medium,scraped,www.cloudathens.com,https://www.cloudathens.com,https://www.cloudathens.com,success,
Prolific Wealth Group,Coaching / Consulting,Finance & Wealth,Prolific Wealth Group helps individuals achieve financial success through expert consulting services.,Low,url_only,Prolificwealthgroup.net,https://prolificwealthgroup.net,https://prolificwealthgroup.net,empty,Homepage and all subpages returned empty content
Neon Designs,E-commerce,E-commerce / Retail,Neon Designs helps businesses enhance their brand identity through custom neon signs.,High,scraped,www.neondesigns.shop,https://www.neondesigns.shop,https://www.neondesigns.shop,success,
Model Based Xperts,Coaching / Consulting,Technology,Model Based Xperts helps defense organizations execute digital transformation through model-based engineering and program management solutions.,High,scraped,http://modelbasedxperts.com/,https://modelbasedxperts.com,https://modelbasedxperts.com,success,
DMMR Australia,Professional Services,Health & Wellness,DMMR Australia helps patients improve health outcomes through comprehensive home medicine reviews by consultant pharmacists.,High,scraped,https://dmmraustralia.com.au/,https://dmmraustralia.com.au,https://dmmraustralia.com.au,success,
Allied Roofing Partners,Local / Trade Services,Home Services,Allied Roofing Partners helps roofing contractors grow and create value through strategic partnerships and operational support.,High,scraped,https://alliedroofingpartners.com/,https://alliedroofingpartners.com,https://alliedroofingpartners.com,success,
